idPropuesta,idCategoria
1088,17
1077,12
162,7
29,2
309,1
799,15
541,15
1022,17
157,3
987,2
889,10
445,19
159,15
391,12
595,12
709,13
291,17
478,9
904,6
1181,9
737,6
305,7
402,12
161,0
707,16
561,12
1000,17
412,3
216,12
529,19
261,2
12,10
1140,9
1056,13
45,7
127,5
667,4
21,6
74,18
1192,19
178,3
605,2
794,10
636,17
804,2
202,1
320,14
289,1
836,7
506,7
106,0
368,19
1160,13
1063,2
692,5
600,12
355,10
865,13
1192,3
690,1
800,2
935,3
965,14
47,9
237,15
762,2
221,18
1176,6
368,13
1084,10
708,1
770,3
325,16
183,3
919,15
1159,0
863,13
319,6
883,14
288,16
1017,17
1125,1
896,1
875,10
1060,1
222,10
307,0
231,11
346,2
247,16
202,11
730,7
576,15
578,5
186,8
779,9
622,15
1044,16
409,18
939,17
107,2
397,13
746,11
543,4
668,9
436,2
13,3
1072,17
210,3
343,13
306,15
859,2
880,5
895,7
196,0
915,7
1079,17
200,4
390,18
910,19
911,17
197,13
484,6
577,15
123,17
37,13
121,12
615,4
20,0
606,17
172,13
746,9
771,1
788,7
875,7
605,13
713,18
549,15
767,10
525,1
341,18
153,8
334,15
1116,10
618,16
536,5
627,14
551,19
113,5
554,16
423,4
1065,14
423,12
265,6
1185,11
676,5
77,8
608,19
428,10
845,11
901,7
76,15
871,5
612,12
673,13
1199,1
858,6
365,12
732,19
505,9
584,12
823,0
563,4
699,9
695,14
314,9
873,11
431,11
101,10
354,14
1123,18
610,5
469,6
550,1
1168,14
392,5
532,3
155,12
831,6
1062,6
494,9
372,5
490,13
588,14
891,7
427,5
727,9
339,3
1117,12
612,7
685,2
150,16
768,12
749,5
1092,19
85,8
707,1
850,6
1068,4
167,17
647,3
1186,18
1093,17
384,0
1198,9
99,14
52,1
74,5
614,13
263,4
1078,9
185,7
1184,2
405,3
634,1
369,9
1014,10
927,12
476,12
1099,2
886,3
743,7
600,6
356,7
115,14
990,8
653,3
731,0
677,11
1096,9
89,3
722,15
290,18
698,5
142,14
282,14
958,10
203,19
700,3
721,9
902,1
1140,8
228,0
434,18
614,1
835,15
753,13
1001,0
178,9
372,14
451,3
425,12
685,5
94,8
143,14
72,4
1022,16
864,5
70,12
1151,12
389,4
381,12
828,11
65,4
1059,12
878,16
836,11
912,9
1177,19
126,12
267,15
548,19
922,10
292,11
217,2
393,18
973,12
127,16
423,8
989,10
935,8
732,15
741,8
171,16
399,10
895,1
825,0
489,4
502,11
926,12
791,4
1181,16
491,12
587,4
336,18
937,7
619,19
682,15
394,3
795,1
886,1
710,14
689,19
191,19
1193,8
1133,15
622,2
276,19
783,4
565,14
643,9
1190,12
500,18
199,4
408,2
814,15
533,1
363,13
206,15
83,10
846,16
805,19
1115,3
868,6
111,2
879,16
18,0
649,4
591,16
637,8
675,13
299,19
768,17
367,11
876,0
730,17
551,11
532,1
827,7
154,1
128,8
225,13
348,5
69,12
30,0
579,13
71,14
721,12
557,11
827,6
1128,10
252,10
622,12
1153,14
66,3
1029,0
257,1
476,6
409,0
108,3
85,16
522,8
920,5
973,6
864,19
105,9
416,11
51,1
804,7
1018,18
714,1
63,18
551,12
665,5
686,13
136,15
487,12
604,12
227,3
100,12
851,12
434,3
923,19
785,4
234,6
835,14
294,17
55,2
166,15
252,5
798,0
1119,2
538,4
931,12
16,0
640,14
550,8
1070,16
321,14
662,13
1042,3
786,16
818,12
1185,16
541,11
720,0
774,5
784,17
287,0
602,12
565,7
268,11
691,4
1037,8
596,6
678,19
491,2
12,7
905,13
553,15
692,7
508,0
927,5
105,18
822,2
867,5
36,5
813,18
834,11
915,12
339,19
316,17
879,6
956,2
848,8
1046,11
687,4
594,9
765,15
183,15
751,17
89,12
428,5
485,5
913,13
1002,13
536,10
1033,2
269,16
868,18
1007,19
292,13
1185,4
404,8
1078,2
216,7
262,1
786,2
653,6
23,9
108,9
1156,5
995,13
788,17
180,17
234,12
101,15
598,2
1069,14
388,12
22,9
484,4
900,1
167,19
1077,15
928,17
1150,1
78,1
1148,5
569,19
739,18
1107,1
697,5
102,8
480,5
1041,8
19,9
804,19
250,17
897,11
1065,17
1110,19
379,15
603,17
809,7
564,17
1064,3
53,8
818,15
1054,16
1082,10
936,1
850,19
1096,15
824,6
705,8
668,11
189,15
908,3
336,10
816,16
564,10
75,4
89,2
886,18
668,3
367,9
1014,9
1024,15
1133,19
759,19
628,11
108,6
1038,2
1011,7
439,3
607,13
463,12
775,7
1187,19
814,17
941,16
135,4
1021,3
1017,12
445,7
784,5
975,10
725,11
1094,9
585,4
515,13
797,5
78,15
884,19
658,12
793,10
329,1
1045,2
391,6
968,10
1093,16
1015,8
58,3
747,16
1152,16
558,16
320,8
1065,10
394,6
1131,16
1073,8
799,4
104,5
700,9
1128,16
512,16
588,17
203,13
477,1
1057,16
110,5
214,15
458,11
865,6
5,2
92,14
848,16
2,17
1026,5
1179,15
1182,10
323,19
394,12
1010,10
1058,13
685,15
898,5
870,16
358,8
183,4
910,16
1196,2
1193,0
798,9
1063,8
626,8
520,12
894,13
227,11
63,12
207,18
745,9
310,0
368,18
915,3
802,9
589,5
585,6
366,18
357,16
261,9
267,18
239,7
544,5
92,16
981,7
519,14
209,5
651,0
913,12
939,18
425,13
8,14
1086,2
256,10
810,4
47,4
759,9
580,6
697,1
856,3
682,13
1092,2
443,12
80,1
1042,6
39,17
671,9
1127,12
342,3
560,17
942,8
194,10
38,12
430,4
460,4
579,15
77,1
612,17
151,1
61,4
899,4
324,15
397,14
501,3
197,19
708,7
671,10
1052,7
591,0
80,9
636,1
502,15
327,6
23,1
330,18
57,6
1125,8
343,4
109,9
308,0
833,15
40,5
448,8
698,1
970,11
942,18
373,8
1028,18
959,19
839,12
1135,8
623,16
421,10
1060,11
220,18
1104,1
11,5
732,1
345,7
63,19
455,1
744,2
434,15
855,8
793,3
57,2
178,2
504,7
699,6
928,16
420,0
236,0
849,9
906,6
303,17
309,10
1092,1
601,4
628,3
898,12
435,15
703,10
881,12
289,8
415,14
406,5
715,6
516,12
794,15
1016,5
232,19
308,14
248,17
1174,1
91,11
194,15
15,0
1163,14
298,12
1181,1
872,10
164,15
198,2
1146,12
961,12
739,17
31,17
7,14
319,8
987,17
136,9
392,18
1138,14
1029,17
370,6
691,14
467,0
832,15
416,10
603,10
554,13
833,4
481,17
528,14
412,2
583,11
427,17
95,11
250,6
219,10
175,6
928,1
441,9
143,13
288,4
763,11
531,10
84,4
932,17
38,0
643,11
92,13
1117,15
713,2
173,6
515,15
687,16
170,2
525,4
893,15
1007,4
415,5
999,12
278,14
473,17
1122,17
996,10
987,16
962,8
866,13
610,4
896,12
506,1
769,2
252,7
525,18
748,8
1136,19
80,13
991,13
1017,8
279,18
77,7
763,12
405,1
648,13
958,11
262,17
73,5
1187,15
928,9
910,6
196,11
383,8
830,5
1088,4
276,1
432,6
1149,8
322,3
850,17
681,15
1125,15
312,11
856,6
699,4
369,6
1118,9
382,1
940,7
795,8
851,15
134,16
457,14
289,16
573,10
1006,0
96,11
909,14
246,18
1039,11
944,15
1002,3
924,8
265,12
448,11
324,13
406,14
734,14
829,13
1101,12
1114,10
499,4
1087,0
690,5
152,8
359,12
920,10
837,1
757,9
137,19
61,7
229,0
865,17
263,11
475,15
999,11
219,6
55,15
500,17
248,19
628,17
1177,14
426,6
577,7
839,6
1006,7
290,15
363,8
382,16
587,6
309,7
1053,15
1140,6
688,18
989,2
619,4
1135,4
1046,10
478,1
121,14
522,3
1012,16
148,14
807,12
517,3
678,13
66,0
926,10
127,10
172,18
1063,15
542,4
681,0
435,2
726,16
347,6
660,8
153,3
811,15
1094,1
715,7
340,0
202,18
601,8
1079,9
1092,14
967,6
146,6
736,9
1031,8
785,10
5,0
725,19
1014,7
195,8
807,8
464,13
976,18
313,9
878,7
201,13
264,10
1040,0
475,7
613,11
118,4
659,4
1012,7
1111,6
916,18
881,4
1045,12
1155,13
356,1
218,2
849,7
995,12
666,8
1078,16
480,12
750,9
1164,3
42,19
292,10
155,19
567,0
374,18
997,13
543,5
233,11
891,2
143,12
807,2
733,18
1196,19
760,0
867,3
458,15
278,6
431,14
1134,1
463,2
308,13
1178,5
845,7
1126,0
210,16
395,9
693,17
675,16
356,15
945,18
136,12
615,17
498,10
178,7
755,19
464,7
380,3
642,9
173,9
364,11
1080,14
649,0
1113,1
190,0
331,14
285,0
1145,16
698,6
990,17
938,9
82,17
796,5
971,19
41,13
364,15
1104,10
500,11
920,17
779,15
416,16
671,19
880,6
498,11
171,0
421,0
919,13
1093,7
1123,19
203,8
395,1
13,6
367,3
647,6
42,12
358,3
757,11
765,7
925,4
583,19
620,1
571,15
44,12
854,16
749,3
951,3
1168,11
589,13
985,1
129,15
1050,6
118,2
792,1
292,8
1063,19
316,1
539,13
122,5
1125,12
254,17
280,5
1048,6
639,6
574,13
1062,17
822,9
797,15
776,18
712,4
1186,6
406,11
125,11
434,11
624,13
389,18
205,2
934,9
928,0
1070,6
1088,19
955,5
132,0
164,12
1097,7
694,7
692,11
241,6
1018,0
548,2
1008,10
230,11
15,19
994,17
1071,8
1104,17
272,9
986,9
911,6
695,0
473,19
75,3
385,15
319,17
608,15
207,17
651,18
131,12
153,1
206,7
1123,1
1001,2
41,11
504,10
408,19
662,19
633,0
293,15
985,12
933,18
189,5
642,10
317,5
913,17
51,15
393,1
642,15
1065,0
124,1
929,0
651,9
538,13
682,8
536,15
1086,16
958,12
17,7
1084,5
1192,1
783,0
735,18
32,4
1149,1
755,5
421,3
812,14
581,17
1076,9
87,7
726,15
161,14
535,16
852,11
446,17
557,5
197,8
999,2
754,8
1149,19
1046,2
535,0
275,14
297,1
429,15
1182,0
1161,15
750,14
239,17
674,11
80,5
833,3
896,5
273,15
512,7
1029,10
345,0
638,9
626,17
1062,19
687,2
646,10
388,18
890,6
256,11
913,4
155,18
345,8
302,7
816,17
386,13
84,10
158,10
197,4
234,2
936,15
329,10
1102,2
552,2
469,2
988,1
65,14
1117,5
700,16
985,16
645,12
731,11
310,2
239,6
431,15
789,4
497,6
630,7
820,4
623,3
855,9
387,8
208,8
274,17
120,13
1008,5
354,12
622,0
597,9
45,12
214,8
826,3
1140,15
944,7
982,17
892,11
1196,1
66,15
503,11
1197,16
316,10
1021,8
124,19
151,2
348,11
452,7
729,16
943,17
598,14
1168,9
756,9
841,15
712,15
1145,1
1112,14
66,18
766,14
349,2
603,7
1083,19
782,11
245,4
651,10
147,13
177,16
658,19
274,1
106,1
676,14
471,4
246,11
171,17
977,10
967,19
191,15
107,0
363,1
528,3
1050,7
31,12
313,19
356,16
530,0
187,10
1147,19
553,13
44,0
1028,4
1175,15
703,11
329,14
798,4
646,4
708,4
690,10
1083,11
862,16
26,12
404,18
777,2
617,4
774,3
1066,4
305,6
1192,5
652,7
616,16
270,7
1005,9
898,6
1069,17
562,7
133,18
973,5
3,18
59,6
420,9
874,4
378,11
861,9
66,14
534,5
257,7
379,16
634,8
554,6
405,11
368,11
1018,15
323,13
759,15
8,4
91,6
315,15
923,14
36,8
369,12
1002,19
348,4
966,16
1135,6
680,8
220,2
170,12
221,8
679,6
978,19
746,13
1081,12
1028,16
422,17
298,6
630,14
179,2
354,2
601,10
979,4
635,5
787,6
272,14
457,10
240,15
862,11
501,4
180,18
639,5
333,2
439,7
1052,12
947,1
188,4
1073,6
209,7
497,11
344,5
54,0
209,8
649,1
687,12
755,2
1177,2
730,9
450,4
1096,12
515,16
878,9
67,9
909,3
81,9
49,19
335,6
300,12
510,18
44,19
622,7
656,8
471,3
679,17
534,0
29,7
100,16
358,19
322,2
403,8
1115,15
109,14
183,18
54,14
43,8
958,5
955,0
756,16
214,16
1047,2
176,6
378,17
1195,2
511,16
214,6
282,7
1131,6
77,11
0,16
540,14
611,12
878,17
667,17
826,0
751,13
66,19
877,15
989,18
393,9
669,14
13,16
571,5
366,13
550,16
665,4
236,13
19,14
653,11
33,1
1031,14
340,10
699,17
767,13
1000,8
1152,3
651,11
277,3
87,6
97,1
923,10
472,4
73,2
576,17
386,17
564,4
407,2
832,4
907,13
1002,15
348,9
24,14
264,7
89,5
1140,13
642,11
581,5
1089,14
126,6
446,3
955,10
197,7
17,5
524,1
1147,14
410,9
603,16
1089,18
57,16
810,3
230,8
972,8
1062,16
1056,2
1014,19
645,9
907,1
110,0
1159,6
990,9
767,3
153,15
1129,2
513,4
509,18
238,10
254,8
1101,3
382,6
542,8
890,10
426,19
1089,11
1023,13
1106,0
458,4
1057,8
453,10
593,18
311,2
1121,4
50,17
754,5
318,15
779,17
966,10
230,13
469,0
571,8
1056,15
1022,10
933,4
194,14
567,4
976,3
800,1
240,14
741,17
541,18
274,4
385,14
179,12
908,13
247,0
579,11
1195,7
525,11
579,1
691,10
180,3
223,4
897,1
280,3
1175,9
415,6
94,7
441,4
896,10
900,10
640,15
668,12
92,10
910,13
698,13
214,4
1114,18
823,13
395,4
511,11
807,3
90,6
85,17
391,19
1037,16
1040,11
229,10
770,14
490,12
912,4
371,19
18,13
243,12
494,18
21,2
936,2
1114,4
1196,5
268,5
983,17
1082,15
879,2
236,15
908,8
958,17
767,11
597,0
1044,2
744,17
591,11
127,19
558,4
1116,13
141,14
79,13
730,3
633,15
702,3
85,2
372,0
648,7
1051,6
150,14
586,19
1083,7
33,3
937,1
503,7
997,7
763,17
1093,10
1014,1
354,17
795,16
311,9
724,7
1075,17
707,6
943,18
1,9
538,17
315,9
691,2
326,12
806,14
242,4
430,16
258,3
1137,16
69,18
494,1
700,15
419,13
546,16
677,0
677,15
1003,3
578,14
885,10
32,5
641,1
1156,18
497,18
1086,8
762,5
509,7
777,4
116,11
536,13
895,6
727,13
179,16
1029,12
688,5
965,9
314,14
843,6
1180,2
1092,3
681,19
1171,9
365,9
1063,10
180,13
1142,13
374,17
44,17
186,10
273,19
1189,18
980,1
690,2
479,17
1176,2
101,7
625,18
717,13
107,13
841,8
912,5
787,19
902,8
1040,1
1011,3
864,8
91,15
317,16
978,18
220,10
133,11
675,7
3,3
791,11
1166,11
611,6
175,15
65,3
617,16
951,15
895,2
494,2
733,6
446,4
888,15
849,12
728,0
571,10
447,14
92,2
368,7
701,10
1182,16
344,4
935,5
766,16
1008,0
788,15
1047,5
55,16
140,12
654,13
1022,6
270,5
70,1
854,10
817,2
914,10
706,7
768,1
1160,18
1109,16
37,11
294,6
745,4
151,3
401,2
1022,18
462,16
795,17
663,1
531,7
554,9
554,7
752,3
610,2
300,5
1032,16
265,11
276,16
671,11
957,13
499,15
1077,7
754,12
1017,0
581,6
41,15
440,6
184,9
515,4
697,18
795,14
67,4
461,18
1183,9
1089,0
1014,0
116,6
260,14
669,13
107,4
1183,3
457,6
575,14
1079,4
438,19
8,5
257,8
570,9
672,18
345,10
1196,3
535,10
558,14
842,8
1137,3
111,8
673,6
605,5
270,4
389,11
421,2
939,16
1050,11
723,7
192,13
957,12
462,5
369,17
278,1
633,7
802,13
527,16
528,12
1099,8
428,8
52,9
462,13
621,0
1060,19
86,5
131,3
949,2
1079,2
1095,12
613,13
61,8
74,1
400,3
999,10
748,14
952,9
617,15
289,18
269,13
661,4
405,16
925,0
80,0
561,9
62,9
81,18
901,10
1154,18
321,16
251,17
273,4
234,18
1109,0
185,12
140,4
557,9
652,13
404,11
839,3
949,12
901,17
63,6
875,17
1168,19
773,18
497,10
462,2
1130,19
163,12
153,2
995,18
532,10
1093,1
351,5
162,0
655,16
703,19
784,8
970,4
821,8
984,0
72,7
922,16
812,8
270,19
1168,5
717,2
526,8
378,12
690,13
709,19
730,8
456,7
57,10
151,17
4,8
674,8
620,3
36,13
172,6
294,3
1050,19
659,9
1148,2
140,19
1083,2
317,3
454,2
243,18
671,0
4,7
71,0
453,16
203,16
915,15
391,11
731,19
237,10
344,9
375,3
471,15
211,14
472,12
781,14
645,7
927,16
1033,15
168,0
1172,0
463,9
596,16
697,15
8,10
426,13
1095,2
940,0
347,0
1041,0
288,3
28,12
467,2
492,1
765,2
140,8
105,11
942,10
141,18
846,5
1077,19
452,18
691,18
18,2
889,18
383,18
596,2
295,5
303,5
1108,3
1077,1
5,6
74,17
533,11
121,9
540,0
1020,16
219,17
592,8
396,1
49,13
146,16
95,10
601,5
8,0
562,5
196,13
1055,4
373,18
740,11
981,0
659,14
105,7
25,0
858,7
753,5
616,11
1171,10
210,11
658,14
726,5
704,14
29,14
359,4
837,18
999,14
180,1
13,2
877,3
231,1
635,2
984,18
757,10
629,7
609,3
94,2
572,9
592,1
778,12
872,11
534,9
197,1
442,11
193,7
953,10
1031,16
820,10
1168,8
1085,16
557,15
452,14
921,7
305,19
724,18
428,3
713,13
312,4
143,0
1166,17
566,13
157,4
48,14
783,13
1119,16
434,12
810,14
676,7
1113,7
891,3
1095,16
176,2
518,14
768,8
154,13
713,1
1163,7
607,1
322,0
1100,7
870,3
201,15
968,13
685,8
497,7
493,17
1181,5
937,15
357,19
63,5
734,19
196,4
1172,17
624,1
574,10
620,11
305,18
181,10
352,19
65,0
806,6
699,5
931,6
714,3
170,8
498,5
891,9
82,8
1113,14
848,15
295,3
755,6
961,14
1011,17
1002,0
907,0
882,5
129,18
909,2
1017,6
661,7
959,3
25,10
200,12
514,8
755,9
578,0
589,1
780,13
776,3
1131,11
529,9
1170,13
360,16
80,10
436,5
892,8
561,13
868,7
878,12
1075,3
436,6
255,19
821,13
117,6
205,7
310,3
763,14
1102,15
394,1
1120,13
393,2
965,1
288,7
979,5
989,8
984,17
843,16
1058,12
883,4
413,8
1173,17
361,15
1037,14
1111,19
353,4
48,18
712,0
111,18
1022,9
953,9
283,10
1094,13
356,18
480,6
667,9
1156,10
976,15
379,19
425,4
168,11
399,2
1125,2
70,9
127,6
1070,13
913,16
102,2
112,8
150,11
240,6
917,17
431,2
895,16
535,7
24,5
205,1
993,1
102,14
973,15
123,14
476,7
351,14
348,6
1074,7
391,14
330,2
857,15
542,12
938,10
858,10
430,3
497,17
238,9
291,1
924,10
163,3
702,2
601,13
1057,10
567,10
849,15
815,8
180,5
493,11
468,16
1103,6
137,0
255,6
451,6
370,19
50,1
1006,6
778,16
587,19
58,6
1135,17
487,5
998,19
208,1
728,11
1184,4
34,1
530,17
699,13
24,16
969,2
1046,13
881,19
991,16
1127,6
22,13
929,14
182,14
439,13
936,16
795,18
1060,10
925,16
1089,4
1176,1
854,3
387,19
103,7
97,4
794,17
376,17
112,6
762,15
1040,16
475,8
486,1
739,12
473,18
775,2
1101,7
851,5
1122,18
250,18
797,13
445,15
790,4
85,10
790,2
786,18
887,5
248,14
732,5
60,8
958,14
603,19
28,2
417,8
1099,14
1015,0
599,4
529,17
50,8
473,1
498,15
921,4
1198,11
1053,9
9,16
445,13
951,0
140,14
180,19
1130,5
335,11
735,2
585,3
12,3
630,19
468,2
1013,19
211,5
1027,16
547,0
722,16
1064,7
1048,13
130,0
433,11
11,8
1185,17
58,17
233,19
602,2
1077,16
205,6
1070,19
930,7
392,10
204,6
672,11
87,2
208,13
145,3
732,12
932,10
23,13
705,17
894,1
877,19
78,14
53,13
292,6
562,4
524,0
57,7
142,13
884,4
255,13
205,11
315,1
56,17
879,1
1125,17
452,15
613,0
192,6
325,4
515,17
202,19
180,2
38,14
469,13
120,12
1019,10
812,16
715,17
746,17
839,0
1085,8
736,10
182,18
1098,6
797,2
948,7
906,9
212,10
563,1
845,5
253,9
783,3
653,2
1082,6
509,8
311,16
759,1
1081,5
1055,15
1111,3
1186,2
1049,2
500,4
1159,10
474,6
267,3
707,2
579,6
284,19
440,13
119,7
805,16
454,16
835,16
223,12
86,4
952,4
927,8
729,9
361,18
792,16
612,1
694,9
349,8
80,17
477,9
998,7
743,15
972,9
924,7
529,12
57,4
1042,0
377,15
985,11
489,7
743,12
337,11
652,10
81,6
1151,7
956,17
126,15
654,9
733,16
835,4
802,15
1119,1
1064,17
1112,6
210,8
814,14
920,2
1189,8
511,10
1110,15
371,0
1149,17
732,0
365,18
214,3
1089,10
708,16
559,8
122,13
594,15
785,17
559,2
93,6
34,3
1084,6
98,13
563,13
49,3
230,4
1145,14
324,19
984,12
704,18
588,19
1024,10
386,7
59,17
883,10
557,8
269,10
701,3
605,9
1139,12
894,10
132,2
115,19
488,10
761,3
633,4
122,10
835,12
658,18
7,9
664,18
834,0
370,10
747,6
1010,14
1027,3
82,18
516,8
919,9
351,2
1169,14
634,10
965,10
404,16
567,7
297,19
937,10
539,10
14,15
923,6
660,4
1020,17
819,15
75,0
212,2
1066,11
78,12
768,19
1045,3
794,3
77,15
433,1
87,0
785,1
16,10
452,19
698,8
207,9
57,3
862,19
1069,15
593,9
419,11
327,2
786,6
702,0
533,10
643,15
694,0
8,15
1176,17
34,8
439,14
363,17
571,18
1053,7
685,6
896,18
1059,0
105,2
216,18
1141,8
1064,1
866,5
602,19
1144,12
119,9
526,7
937,9
348,17
801,8
1003,9
243,3
1024,8
789,11
335,12
76,0
78,2
463,6
602,0
1142,10
767,0
726,6
593,6
1078,3
867,16
663,11
221,16
1152,7
80,19
591,17
680,17
909,12
659,18
1043,4
444,18
732,7
964,4
888,19
846,11
946,17
245,1
254,5
1175,12
664,16
111,10
202,10
979,11
1116,1
444,5
294,9
296,15
137,9
322,12
1186,11
610,17
346,9
35,5
832,5
444,3
759,6
1074,4
815,1
344,0
420,5
182,15
204,3
699,16
579,7
446,16
831,15
681,9
690,18
1090,14
983,12
185,18
382,0
438,8
256,13
199,3
829,6
44,7
1101,19
1072,2
443,10
1076,8
225,2
838,11
163,5
1150,6
9,4
679,16
74,10
528,18
233,3
787,11
828,4
450,17
741,2
402,13
584,10
1074,9
3,10
302,8
863,18
1067,13
389,2
1140,11
441,17
664,6
510,4
973,3
229,12
875,6
237,9
386,16
943,8
1082,4
173,8
829,0
528,15
1160,9
768,3
473,16
586,5
615,0
1125,6
420,17
987,3
1103,16
496,1
772,8
517,13
426,15
743,3
18,5
908,4
791,17
90,10
672,19
252,13
701,9
949,0
398,19
585,1
1110,7
1171,12
379,6
265,1
638,3
904,9
696,8
716,14
1044,1
694,12
333,15
63,4
846,2
974,1
48,7
507,16
1012,5
1058,6
158,16
846,14
521,3
414,5
133,0
77,5
903,17
566,2
768,13
1160,4
550,6
707,0
337,8
116,16
985,7
1126,6
595,9
133,7
770,6
1028,8
1192,12
687,8
1134,19
104,16
297,3
646,2
1061,13
267,19
992,8
521,12
875,9
837,9
506,5
1042,12
140,3
539,17
602,16
409,5
820,9
636,4
88,16
764,14
499,13
257,4
979,6
415,8
442,4
1112,5
594,5
419,7
737,3
197,9
39,3
1084,16
362,16
92,17
854,4
832,7
505,1
289,7
787,1
1099,18
240,0
559,0
853,17
845,12
240,19
633,2
704,7
774,11
407,7
420,1
1025,9
276,14
948,10
871,10
492,13
565,0
855,1
263,10
673,7
42,2
63,13
1048,2
1079,3
1130,16
58,5
344,13
724,15
62,3
503,5
159,1
593,8
339,1
708,6
660,17
25,7
559,17
858,0
555,6
981,1
126,5
799,19
557,0
72,8
1108,2
574,4
669,6
635,8
671,2
801,12
1160,16
887,13
699,8
780,8
509,11
850,8
704,5
37,8
228,16
175,2
441,10
561,18
354,8
1070,8
286,2
957,1
525,9
1181,19
828,6
32,3
297,15
445,3
1157,17
1148,7
815,0
43,14
769,10
557,19
661,5
54,13
36,7
90,7
591,19
1070,0
419,14
575,6
1128,3
1092,6
49,15
217,1
343,2
9,10
124,18
984,6
32,12
151,5
437,16
535,3
1099,0
373,15
444,19
959,9
52,17
377,7
474,0
1063,6
695,18
107,8
36,9
198,8
295,16
1137,1
556,11
942,14
540,19
14,10
741,0
582,0
360,3
1146,17
644,3
309,3
1006,2
614,3
553,9
991,18
462,3
361,19
113,6
916,17
546,2
571,11
238,13
969,13
1150,19
332,8
961,13
262,0
7,12
1036,17
132,14
108,0
31,19
179,8
387,11
1033,18
522,5
168,18
84,6
54,11
537,11
61,13
481,13
982,16
595,16
613,9
1034,15
266,16
1142,5
457,12
980,4
1097,1
149,15
978,5
1191,0
275,18
86,6
337,9
899,13
509,17
79,11
926,4
720,2
689,7
556,17
1040,12
833,5
855,17
7,11
680,7
374,2
65,1
208,6
235,2
1127,7
851,9
855,10
376,13
710,19
203,14
974,15
711,11
124,16
760,19
181,4
112,5
25,5
132,16
315,0
22,6
25,16
1085,13
655,3
405,5
402,18
1136,7
855,7
440,1
125,18
367,13
557,3
178,13
991,9
428,19
217,8
581,2
1151,16
1178,12
242,13
1080,15
421,6
206,1
556,2
948,17
403,13
334,1
319,19
319,0
238,16
1015,10
268,1
502,10
910,2
1004,14
1045,6
464,9
895,13
293,16
315,18
1016,2
201,9
623,13
1192,17
914,9
487,19
867,19
631,2
1054,9
712,2
676,13
257,0
171,4
686,9
190,19
782,16
779,7
1069,5
904,16
736,16
20,9
1171,18
1124,9
341,4
87,3
1094,17
181,19
396,12
95,2
892,2
1101,13
383,5
219,12
738,5
1015,19
333,11
37,12
190,11
982,4
913,15
724,16
368,17
91,0
529,16
364,17
423,3
689,12
604,0
170,5
1154,14
569,2
25,3
1066,16
987,0
526,4
1004,4
155,13
174,4
256,15
711,0
366,19
660,12
671,8
118,6
32,8
929,7
400,14
898,1
622,13
124,10
917,6
163,13
938,12
284,14
1020,7
665,16
1195,17
181,18
581,8
1096,10
6,18
760,7
1034,0
642,6
125,7
470,15
86,0
438,14
184,18
52,16
1081,16
985,13
1023,4
332,6
560,3
113,11
473,14
1046,16
680,2
271,4
231,16
354,7
535,2
858,12
208,2
542,14
55,14
589,9
304,13
1149,9
1030,12
1026,8
864,18
146,17
211,18
994,2
637,14
361,7
735,17
199,5
392,12
719,17
655,13
158,18
1172,4
850,10
412,12
444,7
129,0
609,17
344,11
904,13
798,5
306,3
675,6
842,11
713,7
961,15
869,7
637,11
964,19
757,4
959,18
475,18
1068,14
512,4
1176,13
836,5
317,10
516,9
854,9
476,9
112,11
784,15
732,8
722,19
928,15
470,14
17,0
726,14
0,14
140,13
646,11
692,16
849,2
165,0
324,6
636,0
480,14
92,3
818,7
596,0
230,9
796,19
424,18
192,14
26,7
677,13
1122,0
682,3
39,12
768,6
650,9
296,8
259,6
716,15
125,5
145,8
1092,15
1100,6
49,10
149,14
602,7
915,0
236,9
783,17
1009,5
323,8
869,10
1104,2
850,18
848,14
134,7
1199,14
50,15
345,1
147,15
271,12
264,15
466,5
1,19
559,4
1021,5
706,10
871,6
1044,11
422,8
540,13
136,13
432,8
355,1
174,7
835,9
1084,12
398,10
685,9
638,5
725,4
512,5
520,9
1040,9
495,17
214,12
753,0
585,12
1000,18
861,2
549,4
200,15
527,14
76,7
35,9
1047,11
194,7
90,3
380,0
465,4
30,12
15,7
137,17
686,8
350,4
408,17
201,11
617,2
19,4
724,10
1109,17
836,8
531,5
1094,19
181,8
208,12
656,2
594,3
456,18
227,18
230,1
287,9
334,14
670,12
210,15
817,9
502,14
980,13
825,7
130,15
1123,11
940,11
336,9
582,18
894,16
1180,17
672,7
917,0
897,10
1125,3
454,6
804,0
1010,3
355,6
278,10
616,17
360,18
517,5
475,12
453,3
187,0
430,11
555,11
70,18
175,17
502,7
313,5
353,0
590,8
752,12
15,9
301,9
561,1
540,17
137,3
901,1
413,4
159,4
282,12
828,13
748,2
608,11
979,18
434,19
149,6
1146,18
488,1
735,4
632,13
284,7
343,15
600,3
752,5
938,17
142,16
912,14
801,11
1133,9
244,5
452,8
898,7
593,2
1163,1
734,10
701,5
60,11
130,6
1162,9
1057,4
11,3
535,17
632,4
897,6
91,14
663,18
84,14
794,18
400,18
897,9
713,8
705,4
647,17
1000,14
61,12
1099,11
491,10
502,0
1131,5
295,10
725,13
41,6
700,5
833,19
27,0
312,0
581,15
181,11
561,10
890,3
323,3
1138,19
414,6
188,12
915,14
72,12
132,13
22,12
237,1
1164,12
588,18
114,16
789,3
83,9
357,12
688,19
215,7
818,13
569,6
669,18
473,3
945,2
169,1
239,2
1143,10
944,8
966,15
130,11
30,4
739,1
487,17
645,10
626,6
357,3
1198,16
431,7
98,4
834,13
846,15
865,8
849,0
946,1
402,17
1155,12
916,19
708,5
324,5
411,14
759,11
813,10
751,7
109,6
639,4
1050,15
731,14
884,16
122,14
287,8
279,10
757,1
580,17
1118,18
746,14
1015,7
1032,9
11,15
641,7
1085,11
48,6
666,5
75,19
422,13
1046,19
301,3
784,7
616,7
722,17
1064,19
273,0
334,2
1107,14
255,16
956,10
483,9
215,13
949,16
231,15
583,12
922,18
490,17
94,12
259,14
1151,18
644,5
360,2
497,9
137,4
744,7
605,10
951,11
507,14
609,12
318,7
1013,12
619,7
586,12
1163,3
439,8
692,19
670,8
855,5
775,17
142,5
431,17
874,19
981,6
438,1
1020,12
508,11
1118,13
764,1
584,0
313,10
533,16
233,7
903,5
1014,6
374,0
703,14
828,15
670,16
684,4
533,17
471,1
19,17
501,5
996,13
1098,15
275,4
259,3
948,0
1014,5
71,2
821,5
92,7
848,4
499,17
96,2
59,14
212,18
167,4
1119,10
471,6
159,2
788,16
225,11
365,7
924,6
1136,16
1024,2
643,14
686,6
843,19
1195,16
1155,6
801,9
681,3
643,18
1094,14
1008,8
236,17
58,15
713,9
874,16
1132,7
471,16
224,1
639,8
831,4
159,19
544,1
507,0
938,7
575,13
333,16
175,19
1000,6
855,12
401,5
1174,6
940,12
685,10
916,15
269,9
1180,12
829,14
882,3
827,3
1196,17
529,7
740,2
1078,15
511,14
221,4
1133,1
1177,10
16,16
1033,8
747,10
803,8
892,7
866,14
808,6
203,0
924,19
1199,12
394,14
1135,0
586,17
1130,14
194,9
786,0
1158,7
399,12
495,5
921,13
1177,9
236,14
1156,12
280,15
145,15
80,18
1011,1
644,8
257,16
887,2
1067,8
265,13
28,10
887,16
709,6
184,8
1019,17
782,0
321,13
588,3
803,7
181,6
514,3
1000,2
350,3
180,0
912,1
458,8
893,16
391,8
916,0
1173,11
1018,10
1057,3
1100,18
899,18
327,18
24,4
686,18
666,19
260,6
227,4
241,16
190,5
541,1
691,11
316,0
203,12
696,19
114,5
450,12
970,18
934,6
573,9
603,5
498,18
376,19
182,3
713,12
1127,1
632,1
794,2
776,7
44,9
60,1
650,7
976,16
774,6
65,18
405,10
562,9
686,5
223,0
1055,8
848,0
738,17
95,6
442,16
1143,7
479,19
403,7
1045,8
197,15
1082,9
150,9
1066,9
418,12
1138,7
643,4
86,9
491,4
1003,2
838,10
508,14
1103,4
1100,15
736,17
565,15
2,6
385,0
614,12
1097,19
936,5
691,13
218,1
848,11
755,1
848,9
538,6
1071,14
42,1
147,16
1107,2
436,9
48,16
511,17
268,16
133,12
219,14
143,17
571,14
592,14
998,13
394,19
0,17
20,12
634,5
140,17
491,1
918,1
56,0
660,11
100,10
515,12
279,11
1147,9
1113,15
348,15
644,16
568,2
473,5
844,2
905,1
1061,16
638,15
1013,9
1029,3
569,15
34,16
310,9
954,6
598,16
1198,10
662,6
824,1
443,2
728,14
974,3
592,16
455,9
1052,10
1086,19
460,1
5,1
417,18
1170,15
610,12
959,13
757,7
826,17
662,14
751,10
861,14
432,11
177,9
65,13
674,6
139,5
771,14
672,13
1074,14
701,1
880,14
824,16
45,1
31,2
641,2
412,13
859,18
1063,4
475,11
757,3
437,7
330,9
50,5
672,0
612,14
983,14
167,0
943,14
237,4
447,17
766,0
971,17
802,10
909,7
117,9
404,0
967,4
481,18
79,1
696,17
324,18
754,16
381,4
774,16
209,17
1035,11
300,8
1002,16
461,14
177,8
732,3
926,8
329,19
701,18
953,16
315,10
522,12
444,16
1045,11
1147,2
1183,16
479,1
541,6
269,17
881,2
807,18
1080,6
714,4
756,10
883,11
300,11
459,16
651,6
890,15
50,14
534,2
1158,18
797,1
419,15
161,15
530,1
691,15
453,2
269,11
850,5
777,15
1147,11
1076,4
727,4
105,10
945,1
615,3
252,15
125,3
111,14
1128,1
297,7
684,11
1128,19
117,17
675,17
538,9
90,1
208,11
581,7
662,17
385,8
1174,12
872,7
81,16
306,13
680,10
542,17
596,5
1004,10
412,8
796,4
781,18
956,11
945,0
570,10
895,8
501,9
388,8
712,13
233,13
1016,11
768,10
227,5
140,7
1137,17
889,2
840,14
1083,4
711,8
1122,4
785,8
109,5
1003,19
521,15
759,3
940,18
10,2
360,13
683,14
240,3
104,9
124,5
1044,4
859,9
396,9
1030,19
328,0
19,10
1007,5
435,3
131,19
207,6
732,2
381,15
46,5
10,6
733,8
79,7
960,0
3,12
950,2
446,14
963,15
861,12
508,19
549,14
224,8
209,12
336,5
50,4
766,18
571,3
963,1
781,11
584,2
606,1
559,12
545,1
548,3
454,13
2,5
547,17
1041,9
305,10
1152,14
518,3
193,2
833,8
755,16
674,9
994,11
355,9
563,2
140,15
1095,7
1199,0
1040,6
624,4
140,18
610,19
387,12
1102,3
43,3
321,2
36,3
359,14
1,2
1105,6
1056,0
757,14
724,9
71,19
22,18
631,0
337,17
1017,16
162,18
878,13
130,16
278,11
1182,12
138,19
18,10
985,4
968,14
322,16
253,10
406,10
341,11
13,9
42,18
10,16
544,11
997,18
942,11
237,18
413,15
640,2
863,0
492,17
784,11
316,15
631,1
494,6
577,6
16,17
481,5
593,14
1012,10
418,15
1059,10
406,0
83,11
642,4
1029,11
846,7
1152,17
490,18
780,14
1026,9
1019,14
317,12
326,4
286,10
472,11
1132,5
838,6
110,2
634,3
297,2
32,6
593,1
787,3
1173,7
1082,3
1090,18
951,12
1067,14
576,14
1071,18
396,17
600,14
706,11
83,5
21,3
15,2
626,11
983,8
747,4
498,1
874,10
1102,14
705,10
324,3
1104,12
277,8
387,6
657,1
845,15
744,1
727,10
635,13
126,1
178,10
697,10
1120,10
87,18
337,4
1062,12
144,17
573,19
66,11
143,9
680,3
182,1
659,15
968,8
291,8
816,15
972,14
336,4
1017,9
240,16
501,19
185,8
723,4
686,17
644,1
195,7
478,11
911,8
66,17
617,8
260,16
918,13
397,0
318,3
345,9
473,11
756,14
159,18
64,11
258,9
413,11
958,7
61,9
278,19
877,17
42,8
100,19
829,1
457,4
870,5
456,3
753,7
542,0
531,14
465,14
765,11
353,6
336,2
1011,11
888,2
46,11
246,16
1154,11
438,2
1023,7
1122,10
437,0
901,0
148,12
791,7
136,2
936,7
407,18
188,15
1167,16
767,1
690,0
164,13
669,4
544,2
960,16
24,7
349,5
966,7
78,4
211,0
391,10
167,9
307,12
916,10
136,5
1057,2
520,0
662,4
1127,10
17,2
362,11
1010,15
36,6
204,10
1044,3
986,0
495,12
681,7
649,19
326,8
282,8
460,0
935,6
1043,17
685,14
385,6
772,15
326,7
60,7
304,17
979,16
133,15
557,2
1075,19
732,16
642,14
905,8
919,4
265,19
746,10
251,4
232,7
679,4
467,15
106,4
184,19
365,14
1167,7
393,10
578,12
869,17
572,6
158,5
565,3
653,14
207,8
424,8
242,14
143,8
1133,6
571,9
253,18
312,18
1178,8
1066,5
406,9
816,8
581,14
977,6
423,2
321,10
222,11
941,1
386,11
806,19
303,8
286,6
412,6
323,0
923,3
635,0
453,0
582,11
1040,17
1100,10
833,2
121,7
468,13
827,17
776,8
367,4
380,8
1026,19
421,5
1119,4
169,2
1156,17
764,2
808,11
964,12
1122,14
770,15
568,16
1067,0
13,13
290,1
431,1
1184,12
1071,1
867,11
639,13
426,8
193,1
637,3
360,0
1026,11
148,7
572,2
589,19
713,6
683,3
12,8
220,7
1150,10
615,1
960,1
208,10
684,7
456,0
460,18
82,5
849,5
1191,19
45,6
422,5
783,16
484,14
485,1
549,19
276,7
1166,0
276,3
748,9
1121,11
769,0
650,12
709,15
978,4
1025,4
452,13
211,9
1141,19
81,7
829,17
118,10
374,7
511,19
913,18
195,14
847,15
95,3
68,1
442,8
420,15
939,6
710,6
835,3
854,6
575,12
289,11
83,4
891,5
1191,7
396,14
330,3
1031,13
1097,11
1064,12
1194,14
1042,13
131,17
982,19
54,10
1014,8
759,4
1024,1
1135,9
640,9
1014,4
78,18
259,8
728,7
1041,2
1041,18
43,2
314,13
606,0
995,7
764,18
278,8
1121,9
558,10
616,9
756,19
692,12
721,2
45,15
227,7
839,8
387,17
737,8
727,16
629,19
0,12
319,15
790,11
339,2
368,12
147,5
390,19
722,1
5,18
1188,7
194,4
575,1
307,2
664,4
1058,4
104,8
873,12
838,8
718,12
393,8
625,9
871,18
955,3
624,16
647,7
934,14
257,12
1161,8
96,15
1056,3
301,5
178,16
318,10
1021,2
1152,10
722,5
807,19
258,2
809,1
1036,16
136,17
1188,10
283,11
582,19
312,13
1081,13
454,5
665,8
873,1
475,14
760,12
165,2
267,11
30,13
194,2
667,0
103,3
148,17
446,15
39,19
864,9
33,19
149,11
283,3
362,9
745,6
894,12
611,9
890,19
461,5
546,9
1100,12
1031,12
1018,6
309,15
847,17
108,18
167,5
509,4
602,1
959,5
584,17
22,2
160,8
98,9
206,10
532,18
401,6
760,4
146,5
234,4
127,17
1056,11
82,11
592,3
140,0
138,6
219,8
1148,9
769,3
360,5
716,10
612,15
1035,7
1184,3
696,5
929,12
1088,5
796,15
26,11
373,3
1068,1
267,5
72,13
1082,8
384,7
31,0
669,0
570,0
518,2
436,7
657,0
511,4
828,17
1059,18
153,0
845,3
366,15
790,18
226,14
729,15
240,12
437,14
399,9
447,10
857,7
653,16
218,17
198,14
307,4
635,15
339,15
282,2
1167,2
758,12
389,12
998,12
512,13
1056,8
1103,12
543,19
523,15
19,1
476,5
523,2
399,11
415,10
208,4
104,13
530,16
696,0
371,1
929,4
864,17
9,2
1058,1
792,19
80,6
793,4
992,5
136,8
183,8
401,4
529,1
368,16
1125,13
350,19
629,1
95,5
472,0
309,2
494,3
577,14
500,10
1107,6
1126,7
238,6
303,4
30,2
293,14
45,19
381,14
782,8
1033,0
1022,3
292,1
660,18
282,1
412,14
130,17
492,0
418,13
696,16
927,6
845,18
224,16
121,1
237,16
773,19
335,1
1193,11
1043,1
1142,4
862,0
925,6
135,2
246,19
520,18
1021,6
397,9
328,4
94,5
477,2
904,11
731,1
561,17
531,8
316,16
151,9
1056,7
246,1
842,14
766,2
1067,12
1123,14
297,12
604,10
26,10
353,18
493,15
78,13
956,14
1051,10
229,19
36,0
500,13
986,12
917,5
410,15
938,16
1025,5
1168,12
353,9
1032,10
1145,15
519,8
1050,12
645,8
703,1
1031,5
271,3
889,19
206,14
1013,4
849,3
470,4
1123,4
966,12
838,17
1074,18
1115,4
815,6
316,9
423,16
735,8
159,16
806,3
1042,8
1073,0
706,17
165,19
701,17
411,11
1086,4
948,15
1165,6
461,9
928,11
618,18
964,15
877,13
184,16
336,3
22,10
676,18
653,7
1072,0
11,10
852,12
216,8
959,14
361,17
590,2
1077,11
247,10
593,17
160,17
470,5
414,9
241,18
1151,13
984,7
1138,2
940,10
548,18
1159,8
647,12
916,14
1162,11
416,18
425,9
920,12
362,19
1019,8
1084,18
1057,15
1157,9
777,16
350,5
218,12
139,18
654,4
830,15
1170,19
1086,7
1084,19
296,12
958,15
575,5
460,16
665,0
979,0
283,13
352,3
904,17
877,0
241,3
694,6
715,14
689,18
703,13
621,18
965,4
87,15
878,5
363,12
823,2
335,5
258,19
702,13
968,17
304,18
680,6
1028,5
813,6
696,12
229,14
550,10
399,18
914,11
179,17
709,9
1141,6
838,16
160,3
502,12
54,8
26,8
830,2
56,4
617,19
231,8
484,2
461,15
433,0
592,17
505,11
671,17
161,7
111,19
188,11
333,1
41,18
589,14
876,4
311,15
745,3
835,1
612,19
844,3
1001,10
617,5
116,12
533,12
561,16
232,10
1089,17
1007,0
815,19
612,16
627,2
718,11
433,3
554,1
917,7
1169,17
804,8
221,1
523,18
704,8
864,7
205,3
754,1
211,13
523,4
1142,8
761,13
675,0
632,14
914,0
407,3
1150,4
1000,10
10,1
377,10
376,0
744,0
538,10
1162,16
323,6
999,5
918,19
688,12
984,10
643,6
1101,18
866,1
39,4
192,15
651,1
659,1
555,5
942,15
127,8
55,0
1172,3
241,7
710,2
496,12
648,16
939,8
57,9
730,18
640,13
830,6
978,10
282,10
993,13
510,19
806,9
785,15
394,4
1070,11
1101,17
256,1
586,14
860,2
817,5
490,5
375,10
453,1
35,7
937,16
722,4
786,7
155,15
463,4
838,0
64,2
274,12
461,13
215,6
729,17
602,4
1071,2
907,8
971,1
676,0
733,7
222,7
450,11
625,1
656,11
924,16
49,9
447,3
668,18
985,17
106,17
271,18
786,8
53,9
1057,5
859,7
918,7
84,1
144,11
299,7
582,17
967,14
741,10
1068,18
938,6
569,16
163,4
460,6
989,14
523,6
1009,2
779,2
1175,4
266,0
716,4
46,4
225,19
814,11
1032,6
1175,5
346,12
233,2
110,10
697,12
96,12
139,6
747,3
1036,12
587,17
777,9
1053,8
210,7
940,16
1059,19
165,14
813,5
975,1
693,15
287,15
65,10
590,12
1030,9
531,2
926,6
998,17
218,6
314,1
362,6
891,1
959,11
14,11
409,19
1066,6
830,8
494,11
871,12
972,3
1002,9
967,5
270,18
1010,17
522,2
642,5
16,6
827,4
191,17
5,14
1134,4
24,17
1097,17
893,14
975,16
638,0
324,8
349,13
139,12
1171,11
353,1
276,6
370,14
389,7
1152,4
847,6
716,7
771,8
562,19
451,18
764,7
12,1
2,3
578,4
269,12
259,7
407,12
1160,0
176,15
475,1
668,19
785,16
895,19
601,1
555,10
834,17
61,6
373,12
287,2
768,9
279,6
1183,11
877,8
525,14
291,9
221,3
429,4
211,15
779,0
648,11
711,16
1027,2
593,7
857,1
443,15
50,11
269,1
357,2
534,3
55,12
606,9
807,16
640,5
1083,1
103,18
388,16
870,4
157,13
1098,7
238,0
384,8
657,10
477,0
468,0
197,5
617,1
411,2
345,13
468,15
1085,3
980,3
1155,9
322,5
541,13
1116,11
510,10
514,6
759,7
71,4
612,11
1185,13
9,17
1013,7
570,3
81,15
103,6
593,0
1132,2
807,10
895,3
54,15
1199,2
872,19
74,2
799,1
702,9
1137,7
509,1
900,16
957,10
874,18
987,6
525,2
157,5
1011,9
775,14
1192,0
618,4
143,5
304,1
53,0
709,1
880,3
883,19
818,17
229,15
141,3
466,6
717,12
818,11
1190,0
29,10
917,13
1177,8
604,16
312,6
4,10
388,0
688,0
384,9
962,17
1181,12
452,6
761,10
209,18
1166,12
503,19
519,7
586,9
519,19
225,10
335,13
1047,17
347,18
1178,4
513,14
1094,11
1118,5
614,5
1159,5
928,12
812,17
369,4
930,15
900,13
922,19
396,6
261,7
969,9
124,17
410,0
292,0
127,15
295,13
419,10
1062,2
392,3
944,1
677,12
391,3
617,11
522,9
889,12
304,10
329,8
570,17
968,1
743,14
1,15
548,17
530,12
204,13
924,13
612,5
812,10
1191,14
1182,8
193,14
953,6
326,16
329,0
510,2
350,1
686,12
582,6
1172,18
1052,19
200,19
115,6
377,1
339,11
351,8
855,3
1171,13
937,4
1024,11
960,8
230,3
918,14
480,17
1105,1
763,8
599,8
338,0
361,9
1098,11
976,8
1106,4
567,5
428,14
1199,7
119,14
1112,1
937,19
933,9
85,7
109,12
41,5
273,14
1131,10
1072,8
1021,11
343,6
1189,5
996,18
772,12
989,9
799,9
750,2
346,15
786,9
90,17
902,5
194,5
972,10
1137,18
703,17
20,19
637,18
602,17
868,1
272,1
1009,12
1144,8
967,0
1163,10
108,2
619,6
855,13
1149,4
796,1
919,2
824,9
542,15
772,5
744,15
956,5
1011,2
2,0
383,14
769,9
42,10
605,14
1021,14
239,15
1132,15
147,3
513,15
486,6
333,5
951,7
1133,13
854,18
782,18
800,17
998,11
873,4
744,3
659,7
176,19
573,1
21,11
395,12
491,15
519,18
84,7
1103,18
773,6
285,7
183,9
1113,4
169,12
428,2
477,5
431,5
324,12
787,13
1023,19
748,7
129,2
335,19
155,10
1164,8
712,5
397,6
1037,11
1084,7
1094,0
720,9
861,3
236,11
72,10
572,10
1030,13
976,1
349,9
353,10
301,1
830,19
727,7
450,6
380,14
1085,14
989,0
114,1
1076,16
1169,4
1164,11
355,18
999,6
545,15
1043,6
850,12
692,9
23,16
964,3
734,8
936,14
104,19
1061,1
439,6
589,11
825,17
240,13
876,9
907,5
955,7
153,17
400,4
169,15
514,10
696,6
718,18
206,16
524,17
939,15
534,14
1101,14
773,15
259,17
124,15
901,6
259,11
680,4
715,5
1183,8
409,7
319,9
75,1
546,0
254,1
508,9
425,5
754,2
646,12
718,2
496,0
489,12
46,16
706,13
692,14
1141,18
975,12
449,0
1071,5
619,15
644,0
387,15
955,4
953,7
667,6
1094,15
628,16
969,5
588,9
649,9
338,4
666,16
925,17
1089,13
550,5
391,15
405,7
876,17
654,11
578,3
804,4
426,9
768,14
608,6
269,19
169,17
741,1
836,17
1195,9
509,12
826,18
927,11
531,18
936,8
1105,3
838,4
1059,11
787,18
294,12
402,4
369,10
439,17
113,16
246,17
1108,14
39,6
77,9
216,16
142,3
76,10
4,13
291,5
13,17
934,16
326,9
713,4
390,0
687,19
581,9
953,3
746,15
1076,12
1153,8
367,15
718,16
1189,6
271,13
451,13
165,3
868,19
459,19
154,18
9,18
567,17
842,9
582,5
1039,6
414,1
570,12
823,17
491,5
33,14
689,17
1032,14
1047,7
818,10
1192,16
251,16
828,5
1054,7
1054,0
782,10
83,12
1174,17
803,2
889,15
966,19
100,3
1003,12
654,15
979,8
123,10
332,2
184,5
452,4
1198,1
511,7
478,7
441,7
886,7
288,18
656,4
90,4
575,8
407,14
212,5
1078,0
717,10
885,7
603,4
195,6
64,19
1025,14
616,19
886,2
209,0
537,8
884,13
259,18
414,4
339,14
467,16
947,5
493,18
150,6
836,2
189,14
473,0
585,13
277,16
1008,4
85,15
871,13
249,5
911,10
298,5
810,7
599,10
813,7
1088,16
110,12
461,12
1178,14
743,1
506,8
174,17
564,5
367,7
310,11
1141,0
160,16
168,15
218,19
1120,11
744,4
1120,16
3,16
861,11
373,17
1175,19
444,10
90,18
163,8
435,17
407,1
43,0
718,10
1066,3
764,17
136,16
182,17
178,6
213,15
1062,11
362,1
1160,7
1043,9
231,7
1114,12
166,4
745,8
547,1
458,5
871,15
716,12
771,11
1066,19
195,5
1152,18
1017,7
658,10
288,14
141,6
442,1
586,15
1150,12
1039,16
76,9
840,19
952,2
19,18
774,1
549,11
67,17
144,3
21,14
786,5
809,19
450,14
157,15
71,7
570,16
583,6
945,7
968,11
45,18
1027,13
514,19
577,4
183,14
563,19
246,0
218,16
812,2
162,2
533,6
135,9
323,2
759,2
479,2
339,12
395,19
347,17
248,0
287,10
241,2
120,3
837,16
454,10
859,13
750,3
762,0
1090,19
162,4
633,16
607,16
64,9
657,6
370,8
872,13
111,15
876,15
754,19
827,5
728,15
518,10
1168,13
191,10
742,18
896,3
1005,2
524,2
844,6
620,14
1125,4
1083,13
959,0
1,17
736,3
1047,13
820,5
704,16
1015,1
1028,6
1029,9
360,6
701,4
505,14
941,8
688,7
911,2
232,5
769,17
41,19
903,12
341,10
985,0
750,12
967,2
1110,4
674,3
146,18
146,15
747,15
378,4
664,19
294,19
987,12
1003,14
2,1
193,17
884,1
322,4
616,1
848,6
857,4
1020,13
1071,10
928,14
697,9
863,15
856,19
1124,10
956,16
178,1
496,14
478,8
750,0
789,17
407,19
638,14
561,0
730,16
191,2
660,15
711,7
168,17
852,13
780,18
635,18
1173,5
1136,6
664,13
66,8
963,9
737,13
94,3
476,2
1021,15
499,7
952,11
683,1
862,3
799,8
150,7
572,11
497,8
276,11
710,4
365,1
133,2
1187,3
717,5
738,13
564,15
576,2
74,14
1069,16
277,7
806,7
790,14
436,12
873,7
141,2
906,14
220,1
1128,7
88,14
613,8
871,7
570,7
888,10
91,19
625,13
542,6
400,12
475,6
1052,15
687,15
846,10
837,10
810,5
260,10
3,13
76,17
1135,16
16,13
598,6
586,11
808,1
170,11
686,4
770,1
17,4
627,0
259,16
1101,6
158,8
1152,5
270,16
935,10
104,14
385,11
102,15
170,3
134,14
473,7
458,3
9,15
725,5
215,8
1021,13
49,7
75,8
94,17
1185,0
862,7
799,0
406,13
977,8
1171,14
12,0
1027,12
403,14
488,19
990,18
1197,3
1094,8
149,13
885,2
837,13
310,7
1057,12
1084,17
125,13
479,4
207,4
898,16
393,13
906,0
634,4
6,15
193,13
498,0
581,18
30,7
1105,4
242,7
858,8
486,15
639,11
696,9
937,6
789,2
742,13
670,4
26,1
933,15
474,1
1001,4
1049,3
842,18
243,11
442,2
232,11
367,16
301,15
394,13
997,15
117,12
419,18
772,6
421,18
731,2
442,7
35,16
264,11
920,13
1125,9
695,3
740,10
181,17
1062,7
255,2
879,13
428,1
305,12
845,14
118,11
1053,10
579,10
644,10
184,13
1157,11
1041,16
183,17
210,4
925,12
602,10
150,15
652,0
285,1
1167,1
424,14
622,1
486,11
730,5
1083,15
1168,1
144,14
96,16
462,10
191,12
533,7
628,0
906,10
503,9
907,11
1044,5
438,15
711,1
843,2
327,7
925,10
177,10
1106,14
282,5
936,0
694,1
305,2
1151,10
1043,8
790,10
874,9
959,17
487,2
720,7
239,1
989,17
428,7
108,19
848,5
1178,6
741,14
1113,2
686,2
558,11
816,3
653,1
964,8
385,12
216,1
214,17
571,12
938,0
133,4
880,1
160,19
17,6
843,13
982,5
677,14
469,5
484,19
1133,11
113,7
291,15
607,8
875,0
356,3
335,8
1117,1
932,0
46,7
279,2
213,9
1072,4
777,19
1131,0
545,13
1153,16
742,10
127,12
496,7
1004,15
1024,3
683,9
631,6
152,4
539,12
720,15
886,16
632,16
1089,6
144,7
951,18
300,18
746,1
975,14
943,12
106,5
609,19
447,2
1196,13
108,7
174,2
1086,15
872,0
478,0
66,12
430,7
598,11
71,16
253,6
538,1
334,12
343,16
739,6
1151,3
111,11
646,8
298,17
980,14
333,12
406,18
931,17
473,13
1111,12
168,13
620,17
308,16
473,4
137,5
831,1
1084,14
540,6
501,18
653,18
543,1
982,12
714,5
811,7
911,16
282,0
393,0
645,13
659,16
750,4
606,7
240,8
1013,2
1054,14
31,8
235,12
722,10
610,13
492,18
168,6
189,17
14,7
507,18
418,19
668,6
604,13
44,10
773,3
190,12
645,1
670,14
151,8
1135,19
926,14
797,18
977,19
1118,11
427,0
245,6
540,3
945,15
138,5
1131,9
98,19
174,13
697,16
767,9
161,1
1129,4
1040,18
393,19
238,11
935,12
1049,8
1113,6
304,12
566,16
667,11
402,3
148,11
1176,9
564,19
1020,8
81,11
597,4
1079,18
314,3
906,16
1032,18
1116,0
556,1
176,16
493,7
636,19
1158,0
1080,13
303,2
306,16
918,17
195,19
303,7
383,13
123,9
941,6
998,3
848,17
1178,1
103,9
877,4
85,13
1074,10
526,11
153,6
955,11
115,9
1181,7
1145,12
879,18
5,7
689,4
2,12
433,19
105,19
464,19
420,2
351,0
881,0
999,15
740,3
436,11
555,7
1025,16
1014,15
807,1
752,15
71,9
0,3
244,14
1096,8
895,17
250,2
476,19
147,2
79,17
284,15
590,10
858,14
641,13
614,6
637,10
843,11
626,2
403,4
528,13
625,17
1042,15
280,9
1197,19
551,6
1166,5
992,15
829,18
211,19
1121,19
1092,0
588,4
871,0
97,12
893,4
1144,4
424,13
378,19
1026,12
1157,6
1075,9
1003,1
272,8
398,11
1174,4
329,11
1137,0
314,11
882,12
745,5
1079,15
1192,11
896,16
226,12
576,19
281,18
1159,7
754,18
187,8
1034,11
27,10
890,2
12,9
360,9
148,4
618,6
154,7
354,19
1056,5
484,5
683,19
655,14
357,9
618,12
497,1
1193,2
322,8
597,15
467,6
536,1
993,9
139,14
1034,3
235,9
72,0
457,13
999,8
1116,19
1073,7
820,8
533,19
327,5
90,11
462,11
739,3
495,13
768,2
472,2
460,2
336,15
1166,6
1144,3
1072,18
663,19
238,8
809,6
201,3
601,15
456,8
951,2
373,16
581,16
546,7
172,8
824,14
54,16
320,15
154,0
888,13
401,8
436,15
213,7
201,17
659,3
855,2
79,18
614,8
1058,0
36,16
73,7
1167,13
1032,12
228,10
579,4
773,4
803,11
220,17
300,16
1149,12
564,16
166,7
300,1
1102,17
809,0
295,12
758,17
537,4
569,9
377,17
256,3
416,19
158,0
88,0
608,9
641,12
756,17
1005,18
37,4
517,18
174,11
798,15
59,8
1009,3
465,16
116,13
1113,3
637,16
359,2
781,4
123,0
1071,11
1061,11
883,1
680,12
459,6
299,0
722,18
124,2
561,11
1091,16
291,6
1198,3
862,13
141,1
358,5
27,16
569,18
809,14
780,17
244,3
908,11
972,0
315,14
158,11
1124,6
597,10
409,3
190,16
322,10
376,2
857,2
572,15
712,9
562,1
125,0
729,4
84,13
921,15
169,0
661,2
1003,11
1168,6
1160,3
810,18
261,12
595,18
941,17
744,16
917,15
1093,4
451,11
367,10
597,8
873,0
166,6
1074,16
15,18
479,12
1165,18
858,3
298,9
721,18
925,1
1019,9
853,9
299,10
669,3
80,7
1075,0
578,17
914,19
131,9
64,16
1083,10
749,1
244,7
755,0
595,10
139,1
98,7
219,19
520,16
764,15
986,14
1165,14
983,9
1158,9
54,6
796,3
1068,9
641,14
71,8
47,8
390,14
534,4
623,4
249,6
1046,17
617,6
13,11
157,14
533,4
448,7
1056,4
660,13
537,17
739,10
1064,13
1048,9
234,19
380,15
68,11
203,6
277,13
1058,8
412,1
151,10
844,4
450,1
291,18
149,1
1010,0
867,13
283,7
390,11
518,16
448,2
1142,0
1061,4
294,11
551,17
608,18
1153,7
196,1
169,14
317,13
410,8
567,14
327,13
929,3
21,10
217,15
623,5
574,2
121,19
1179,11
215,11
549,0
215,4
433,17
1113,5
290,2
945,17
1153,2
101,1
1193,14
1108,16
880,9
678,12
981,12
515,19
800,9
814,1
705,16
347,15
285,9
842,7
106,12
1032,17
68,13
599,18
1024,14
787,4
869,13
830,3
963,18
809,11
889,5
602,9
540,18
832,16
743,18
380,11
1028,1
26,18
271,1
1119,11
1019,3
538,8
704,3
410,18
1,16
865,14
669,7
156,8
140,10
670,6
1196,10
241,15
912,15
164,8
542,1
656,13
1191,2
565,5
581,10
1080,5
834,5
155,4
49,4
116,19
193,19
392,0
859,6
1054,1
718,1
671,18
404,7
416,0
629,4
309,9
1033,11
802,0
983,2
124,4
525,19
40,8
992,13
830,14
555,17
1013,11
51,18
943,11
260,17
101,18
727,1
78,7
1143,19
501,14
741,19
482,3
75,14
615,7
1057,1
521,18
173,0
781,3
1120,5
333,9
986,13
249,7
227,15
1036,1
485,16
737,18
856,17
129,14
697,4
1179,1
740,0
628,8
474,7
163,2
929,8
506,0
949,14
1159,11
308,4
217,0
763,10
946,13
952,5
820,18
273,6
123,7
101,3
849,11
681,14
1045,16
973,1
869,18
64,18
825,15
729,10
831,3
866,10
863,8
28,3
791,19
351,3
52,10
761,14
662,16
375,1
882,8
63,7
323,9
835,0
1098,9
748,18
941,14
267,14
1102,19
876,1
1161,11
1114,9
83,8
403,3
1130,1
48,15
1067,19
537,14
440,4
368,10
60,3
844,5
1069,6
935,17
1155,11
60,2
1065,19
693,0
739,7
800,18
859,11
47,10
812,7
496,3
1145,11
1165,11
1180,13
10,9
396,16
60,19
1066,2
672,1
44,15
862,14
951,8
504,17
929,6
422,6
43,16
573,16
857,11
1095,9
495,19
466,3
235,0
576,18
409,9
74,3
58,11
84,0
546,11
52,18
443,14
47,16
63,10
662,9
26,9
272,4
14,5
447,11
257,2
1076,13
947,4
864,15
1034,6
362,3
390,7
693,3
32,18
465,8
162,3
126,11
973,10
232,13
376,5
567,1
660,3
2,4
447,13
765,0
1017,11
497,12
959,12
1040,13
210,10
1164,19
809,12
989,6
1144,5
617,17
471,2
699,11
573,17
600,11
530,2
448,5
245,12
1159,15
839,9
550,3
58,19
1055,12
663,0
1062,1
248,16
707,17
710,16
186,13
894,6
932,5
526,19
1003,13
907,6
71,18
642,2
536,9
357,4
375,8
979,17
739,0
960,5
1018,2
170,13
120,2
1112,11
20,17
723,2
1184,9
545,9
541,5
1120,9
241,19
1116,4
254,15
1004,9
840,5
204,5
411,1
773,12
60,5
948,14
1097,2
1165,17
997,17
677,19
847,0
304,3
240,10
388,11
641,18
12,13
130,19
164,3
350,7
27,2
338,11
745,19
346,5
229,1
319,7
1121,10
87,12
417,17
753,4
918,2
636,5
315,2
763,7
410,19
493,19
1196,0
1112,15
212,17
897,19
149,19
401,15
279,17
436,19
791,14
376,10
183,10
1065,6
541,3
1063,3
439,0
159,6
42,13
145,18
240,5
34,2
568,6
1129,1
83,15
1063,12
91,17
299,1
536,12
977,12
176,12
1010,8
1043,10
1117,16
97,7
1139,6
1115,16
215,15
239,9
796,12
672,2
339,5
560,5
1031,2
734,18
846,18
862,18
724,6
1045,10
710,9
1042,14
1118,10
1184,13
1082,11
613,18
1126,3
419,1
28,14
672,6
961,5
281,7
699,12
468,7
749,19
386,10
995,19
1162,4
653,19
994,10
1128,17
172,5
54,18
485,18
485,17
1162,3
538,5
600,1
320,19
974,6
1109,14
244,2
1166,13
425,16
464,5
982,13
974,17
766,7
53,2
351,17
1118,7
1162,19
138,3
1063,0
1163,5
142,7
3,5
982,6
26,5
164,6
558,8
1066,15
110,8
453,5
503,10
820,16
918,4
849,6
1001,18
197,17
1058,5
732,18
577,17
299,15
590,19
83,17
793,17
1067,7
1089,15
343,17
577,9
783,15
1077,18
650,19
747,19
818,19
154,17
1190,14
196,15
383,0
143,1
812,1
824,3
264,5
754,7
410,10
692,18
4,9
994,9
457,17
747,18
91,2
282,18
342,15
126,10
1036,14
623,12
24,18
800,10
9,9
699,3
461,17
126,2
607,7
60,9
263,3
733,11
957,3
28,5
598,5
190,18
1180,5
930,5
842,16
1013,3
910,0
261,17
678,3
189,2
60,17
607,12
371,18
482,16
549,9
492,2
653,15
120,14
874,8
439,9
577,10
455,2
732,13
